{"cameraMode":{"drawMode":0,"name":"Shaded","section":"Shading Mode"},"sceneLighting":true,"audioPlay":false,"sceneViewState":{"showFog":true,"showMaterialUpdate":true,"showSkybox":false,"showFlares":true,"showImageEffects":true,"showParticleSystems":true},"in2DMode":false,"pivot":{"x":-8.025920867919922,"y":0.3002057671546936,"z":-4.476285457611084},"rotation":{"x":0.013807481154799462,"y":-0.4768960177898407,"z":0.00045042275451123714,"w":0.8815101981163025},"size":2.422065496444702,"orthographic":false}