{"cameraMode":{"drawMode":0,"name":"Shaded","section":"Shading Mode"},"sceneLighting":true,"audioPlay":false,"sceneViewState":{"showFog":true,"showMaterialUpdate":true,"showSkybox":false,"showFlares":true,"showImageEffects":true,"showParticleSystems":true},"in2DMode":false,"pivot":{"x":-3.501704692840576,"y":-1.7857639789581299,"z":3.140735387802124},"rotation":{"x":-0.18658721446990968,"y":0.502945601940155,"z":-0.10699272155761719,"w":-0.8394505977630615},"size":5.8646159172058109,"orthographic":false}