{"cameraMode":{"drawMode":0,"name":"Shaded","section":"Shading Mode"},"sceneLighting":false,"audioPlay":false,"sceneViewState":{"showFog":true,"showMaterialUpdate":true,"showSkybox":false,"showFlares":true,"showImageEffects":true,"showParticleSystems":true},"in2DMode":false,"pivot":{"x":0.3588365316390991,"y":-0.2764369547367096,"z":-0.1718422770500183},"rotation":{"x":0.16026517748832704,"y":0.7887823581695557,"z":-0.22122642397880555,"w":0.5528939366340637},"size":0.7333861589431763,"orthographic":false}