{"cameraMode":{"drawMode":0,"name":"Shaded","section":"Shading Mode"},"sceneLighting":true,"audioPlay":false,"sceneViewState":{"showFog":true,"showMaterialUpdate":true,"showSkybox":true,"showFlares":true,"showImageEffects":true,"showParticleSystems":true},"in2DMode":false,"pivot":{"x":-16.04566192626953,"y":2.2394988536834719,"z":-20.070415496826173},"rotation":{"x":-0.01920698769390583,"y":-0.9487180709838867,"z":-0.010559426620602608,"w":0.3238111436367035},"size":27.775190353393556,"orthographic":false}