{"cameraMode":{"drawMode":0,"name":"Shaded","section":"Shading Mode"},"sceneLighting":true,"audioPlay":false,"sceneViewState":{"showFog":true,"showMaterialUpdate":true,"showSkybox":false,"showFlares":true,"showImageEffects":true,"showParticleSystems":true},"in2DMode":false,"pivot":{"x":-4.312876224517822,"y":-2.635152578353882,"z":1.8308336734771729},"rotation":{"x":-0.21236394345760346,"y":0.6262935996055603,"z":-0.17669107019901277,"w":-0.7316659092903137},"size":6.842012405395508,"orthographic":false}