{"cameraMode":{"drawMode":0,"name":"Shaded","section":"Shading Mode"},"sceneLighting":true,"audioPlay":false,"sceneViewState":{"showFog":true,"showMaterialUpdate":true,"showSkybox":true,"showFlares":true,"showImageEffects":true,"showParticleSystems":true},"in2DMode":false,"pivot":{"x":-0.4656766653060913,"y":0.9695018529891968,"z":0.7814738154411316},"rotation":{"x":0.044019389897584918,"y":-0.7996430397033691,"z":0.09313646703958512,"w":0.5965731739997864},"size":2.1502797603607179,"orthographic":false}