{"cameraMode":{"drawMode":0,"name":"Shaded","section":"Shading Mode"},"sceneLighting":true,"audioPlay":false,"sceneViewState":{"showFog":true,"showMaterialUpdate":true,"showSkybox":true,"showFlares":true,"showImageEffects":true,"showParticleSystems":true},"in2DMode":false,"pivot":{"x":-2.7174429893493654,"y":5.273760795593262,"z":8.995946884155274},"rotation":{"x":-0.09844400733709336,"y":-0.9160552620887756,"z":0.27712470293045046,"w":-0.28460800647735598},"size":1.7867014408111573,"orthographic":false}