{"cameraMode":{"drawMode":0,"name":"Shaded","section":"Shading Mode"},"sceneLighting":false,"audioPlay":false,"sceneViewState":{"showFog":true,"showMaterialUpdate":true,"showSkybox":false,"showFlares":true,"showImageEffects":true,"showParticleSystems":true},"in2DMode":false,"pivot":{"x":24.639999389648439,"y":27.239999771118165,"z":-21.950000762939454},"rotation":{"x":-0.24593602120876313,"y":0.3699776232242584,"z":-0.0978337824344635,"w":-0.8927251100540161},"size":23.334524154663087,"orthographic":false}