{"cameraMode":{"drawMode":0,"name":"Shaded","section":"Shading Mode"},"sceneLighting":true,"audioPlay":false,"sceneViewState":{"showFog":true,"showMaterialUpdate":true,"showSkybox":true,"showFlares":true,"showImageEffects":true,"showParticleSystems":true},"in2DMode":false,"pivot":{"x":-10.728711128234864,"y":-9.81389331817627,"z":-2.1618597507476808},"rotation":{"x":0.22661162912845612,"y":-0.7245116829872131,"z":0.3123781979084015,"w":0.5757657289505005},"size":16.54486656188965,"orthographic":false}