{"cameraMode":{"drawMode":0,"name":"Shaded","section":"Shading Mode"},"sceneLighting":true,"audioPlay":false,"sceneViewState":{"showFog":true,"showMaterialUpdate":true,"showSkybox":true,"showFlares":true,"showImageEffects":true,"showParticleSystems":true},"in2DMode":false,"pivot":{"x":0.9604066014289856,"y":1.3182787895202637,"z":1.668777585029602},"rotation":{"x":-0.02371300384402275,"y":-0.9923296570777893,"z":0.11572954058647156,"w":-0.08970487862825394},"size":0.6990083456039429,"orthographic":false}