{"cameraMode":{"drawMode":0,"name":"Shaded","section":"Shading Mode"},"sceneLighting":true,"audioPlay":false,"sceneViewState":{"showFog":true,"showMaterialUpdate":true,"showSkybox":false,"showFlares":true,"showImageEffects":true,"showParticleSystems":true},"in2DMode":false,"pivot":{"x":-4.2610015869140629,"y":-2.758246898651123,"z":1.0346912145614625},"rotation":{"x":-0.2105933576822281,"y":0.6703092455863953,"z":-0.20035167038440705,"w":-0.6856345534324646},"size":5.8646159172058109,"orthographic":false}