{"cameraMode":{"drawMode":0,"name":"Shaded","section":"Shading Mode"},"sceneLighting":false,"audioPlay":false,"sceneViewState":{"showFog":true,"showMaterialUpdate":true,"showSkybox":false,"showFlares":true,"showImageEffects":true,"showParticleSystems":true},"in2DMode":false,"pivot":{"x":0.7749171257019043,"y":0.35742104053497317,"z":-0.3919556140899658},"rotation":{"x":-0.08630836009979248,"y":-0.8310200572013855,"z":0.10704822093248368,"w":-0.544583797454834},"size":4.624757766723633,"orthographic":false}