{"cameraMode":{"drawMode":0,"name":"Shaded","section":"Shading Mode"},"sceneLighting":true,"audioPlay":false,"sceneViewState":{"showFog":true,"showMaterialUpdate":false,"showSkybox":true,"showFlares":true,"showImageEffects":true,"showParticleSystems":true},"in2DMode":false,"pivot":{"x":-1.9575225114822388,"y":-4.8881731033325199,"z":2.4446866512298586},"rotation":{"x":-0.3863992691040039,"y":0.28486117720603945,"z":-0.12680979073047639,"w":-0.8680329918861389},"size":10.0,"orthographic":false}